countryiso3code,date,value,unit,obs_status,decimal,indicator.id,indicator.value,country.id,country.value,scale
AFE,2012,559609961.0,,,0,SP.POP.TOTL,"Population, total",ZH,Africa Eastern and Southern,
AFW,2012,385360349.0,,,0,SP.POP.TOTL,"Population, total",ZI,Africa Western and Central,
ARB,2012,381030177.0,,,0,SP.POP.TOTL,"Population, total",1A,Arab World,
CSS,2012,2893251.0,,,0,SP.POP.TOTL,"Population, total",S3,Caribbean small states,
CEB,2012,103928128.0,,,0,SP.POP.TOTL,"Population, total",B8,Central Europe and the Baltics,
EAR,2012,3058869436.0,,,0,SP.POP.TOTL,"Population, total",V2,Early-demographic dividend,
EAS,2012,2249081393.0,,,0,SP.POP.TOTL,"Population, total",Z4,East Asia & Pacific,
EAP,2012,2006566431.0,,,0,SP.POP.TOTL,"Population, total",4E,East Asia & Pacific (excluding high income),
TEA,2012,1981382735.0,,,0,SP.POP.TOTL,"Population, total",T4,East Asia & Pacific (IDA & IBRD countries),
EMU,2012,340447763.0,,,0,SP.POP.TOTL,"Population, total",XC,Euro area,
ECS,2012,895889705.0,,,0,SP.POP.TOTL,"Population, total",Z7,Europe & Central Asia,
ECA,2012,233914075.0,,,0,SP.POP.TOTL,"Population, total",7E,Europe & Central Asia (excluding high income),
TEC,2012,446979977.0,,,0,SP.POP.TOTL,"Population, total",T7,Europe & Central Asia (IDA & IBRD countries),
EUU,2012,441416943.0,,,0,SP.POP.TOTL,"Population, total",EU,European Union,
FCS,2012,832872724.0,,,0,SP.POP.TOTL,"Population, total",F1,Fragile and conflict affected situations,
HPC,2012,675397557.0,,,0,SP.POP.TOTL,"Population, total",XE,Heavily indebted poor countries (HIPC),
,2012,1336612791.0,,,0,SP.POP.TOTL,"Population, total",XD,High income,
IBD,2012,4532139461.0,,,0,SP.POP.TOTL,"Population, total",XF,IBRD only,
IBT,2012,6038997419.0,,,0,SP.POP.TOTL,"Population, total",ZT,IDA & IBRD total,
IDB,2012,509513096.0,,,0,SP.POP.TOTL,"Population, total",XH,IDA blend,
IDX,2012,997344862.0,,,0,SP.POP.TOTL,"Population, total",XI,IDA only,
IDA,2012,1506857958.0,,,0,SP.POP.TOTL,"Population, total",XG,IDA total,
LTE,2012,2209331950.0,,,0,SP.POP.TOTL,"Population, total",V3,Late-demographic dividend,
LCN,2012,600393759.0,,,0,SP.POP.TOTL,"Population, total",ZJ,Latin America & Caribbean,
LAC,2012,539167194.0,,,0,SP.POP.TOTL,"Population, total",XJ,Latin America & Caribbean (excluding high income),
TLA,2012,584524334.0,,,0,SP.POP.TOTL,"Population, total",T2,Latin America & the Caribbean (IDA & IBRD countries),
LDC,2012,896684951.0,,,0,SP.POP.TOTL,"Population, total",XL,Least developed countries: UN classification,
LMY,2012,5809649768.0,,,0,SP.POP.TOTL,"Population, total",XO,Low & middle income,
,2012,549451656.0,,,0,SP.POP.TOTL,"Population, total",XM,Low income,
,2012,2635615131.0,,,0,SP.POP.TOTL,"Population, total",XN,Lower middle income,
MEA,2012,415046283.0,,,0,SP.POP.TOTL,"Population, total",ZQ,Middle East & North Africa,
MNA,2012,363339829.0,,,0,SP.POP.TOTL,"Population, total",XQ,Middle East & North Africa (excluding high income),
TMN,2012,359359831.0,,,0,SP.POP.TOTL,"Population, total",T3,Middle East & North Africa (IDA & IBRD countries),
MIC,2012,5260198112.0,,,0,SP.POP.TOTL,"Population, total",XP,Middle income,
NAC,2012,348654703.0,,,0,SP.POP.TOTL,"Population, total",XU,North America,
,2012,,,,0,SP.POP.TOTL,"Population, total",XY,Not classified,
OED,2012,1306608465.0,,,0,SP.POP.TOTL,"Population, total",OE,OECD members,
OSS,2012,12554229.0,,,0,SP.POP.TOTL,"Population, total",S4,Other small states,
PSS,2012,2351924.0,,,0,SP.POP.TOTL,"Population, total",S2,Pacific island small states,
PST,2012,1083068159.0,,,0,SP.POP.TOTL,"Population, total",V4,Post-demographic dividend,
PRE,2012,798002725.0,,,0,SP.POP.TOTL,"Population, total",V1,Pre-demographic dividend,
SST,2012,17799404.0,,,0,SP.POP.TOTL,"Population, total",S1,Small states,
SAS,2012,1721780232.0,,,0,SP.POP.TOTL,"Population, total",8S,South Asia,
TSA,2012,1721780232.0,,,0,SP.POP.TOTL,"Population, total",T5,South Asia (IDA & IBRD),
SSF,2012,944970310.0,,,0,SP.POP.TOTL,"Population, total",ZG,Sub-Saharan Africa,
SSA,2012,944882007.0,,,0,SP.POP.TOTL,"Population, total",ZF,Sub-Saharan Africa (excluding high income),
TSS,2012,944970310.0,,,0,SP.POP.TOTL,"Population, total",T6,Sub-Saharan Africa (IDA & IBRD countries),
,2012,2624582981.0,,,0,SP.POP.TOTL,"Population, total",XT,Upper middle income,
WLD,2012,7175816385.0,,,0,SP.POP.TOTL,"Population, total",1W,World,
AFG,2012,30560034.0,,,0,SP.POP.TOTL,"Population, total",AF,Afghanistan,
ALB,2012,2900401.0,,,0,SP.POP.TOTL,"Population, total",AL,Albania,
DZA,2012,37646166.0,,,0,SP.POP.TOTL,"Population, total",DZ,Algeria,
ASM,2012,54489.0,,,0,SP.POP.TOTL,"Population, total",AS,American Samoa,
AND,2012,76834.0,,,0,SP.POP.TOTL,"Population, total",AD,Andorra,
AGO,2012,25177394.0,,,0,SP.POP.TOTL,"Population, total",AO,Angola,
ATG,2012,87260.0,,,0,SP.POP.TOTL,"Population, total",AG,Antigua and Barbuda,
ARG,2012,42161721.0,,,0,SP.POP.TOTL,"Population, total",AR,Argentina,
ARM,2012,3024100.0,,,0,SP.POP.TOTL,"Population, total",AM,Armenia,
ABW,2012,104110.0,,,0,SP.POP.TOTL,"Population, total",AW,Aruba,
AUS,2012,22733465.0,,,0,SP.POP.TOTL,"Population, total",AU,Australia,
AUT,2012,8429991.0,,,0,SP.POP.TOTL,"Population, total",AT,Austria,
AZE,2012,9295784.0,,,0,SP.POP.TOTL,"Population, total",AZ,Azerbaijan,
BHS,2012,375469.0,,,0,SP.POP.TOTL,"Population, total",BS,"Bahamas, The",
BHR,2012,1208964.0,,,0,SP.POP.TOTL,"Population, total",BH,Bahrain,
BGD,2012,155070101.0,,,0,SP.POP.TOTL,"Population, total",BD,Bangladesh,
BRB,2012,276938.0,,,0,SP.POP.TOTL,"Population, total",BB,Barbados,
BLR,2012,9446836.0,,,0,SP.POP.TOTL,"Population, total",BY,Belarus,
BEL,2012,11106932.0,,,0,SP.POP.TOTL,"Population, total",BE,Belgium,
BLZ,2012,334414.0,,,0,SP.POP.TOTL,"Population, total",BZ,Belize,
BEN,2012,10397657.0,,,0,SP.POP.TOTL,"Population, total",BJ,Benin,
BMU,2012,63646.0,,,0,SP.POP.TOTL,"Population, total",BM,Bermuda,
BTN,2012,717279.0,,,0,SP.POP.TOTL,"Population, total",BT,Bhutan,
BOL,2012,10515807.0,,,0,SP.POP.TOTL,"Population, total",BO,Bolivia,
BIH,2012,3670113.0,,,0,SP.POP.TOTL,"Population, total",BA,Bosnia and Herzegovina,
BWA,2012,2108617.0,,,0,SP.POP.TOTL,"Population, total",BW,Botswana,
BRA,2012,196876111.0,,,0,SP.POP.TOTL,"Population, total",BR,Brazil,
VGB,2012,30345.0,,,0,SP.POP.TOTL,"Population, total",VG,British Virgin Islands,
BRN,2012,405557.0,,,0,SP.POP.TOTL,"Population, total",BN,Brunei Darussalam,
BGR,2012,7305888.0,,,0,SP.POP.TOTL,"Population, total",BG,Bulgaria,
BFA,2012,17172287.0,,,0,SP.POP.TOTL,"Population, total",BF,Burkina Faso,
BDI,2012,10071028.0,,,0,SP.POP.TOTL,"Population, total",BI,Burundi,
CPV,2012,511955.0,,,0,SP.POP.TOTL,"Population, total",CV,Cabo Verde,
KHM,2012,14945085.0,,,0,SP.POP.TOTL,"Population, total",KH,Cambodia,
CMR,2012,20809529.0,,,0,SP.POP.TOTL,"Population, total",CM,Cameroon,
CAN,2012,34713395.0,,,0,SP.POP.TOTL,"Population, total",CA,Canada,
CYM,2012,57136.0,,,0,SP.POP.TOTL,"Population, total",KY,Cayman Islands,
CAF,2012,4610848.0,,,0,SP.POP.TOTL,"Population, total",CF,Central African Republic,
TCD,2012,13210998.0,,,0,SP.POP.TOTL,"Population, total",TD,Chad,
CHI,2012,160767.0,,,0,SP.POP.TOTL,"Population, total",JG,Channel Islands,
CHL,2012,17519119.0,,,0,SP.POP.TOTL,"Population, total",CL,Chile,
CHN,2012,1354190000.0,,,0,SP.POP.TOTL,"Population, total",CN,China,
COL,2012,45715810.0,,,0,SP.POP.TOTL,"Population, total",CO,Colombia,
COM,2012,681630.0,,,0,SP.POP.TOTL,"Population, total",KM,Comoros,
COD,2012,73254618.0,,,0,SP.POP.TOTL,"Population, total",CD,"Congo, Dem. Rep.",
COG,2012,4740450.0,,,0,SP.POP.TOTL,"Population, total",CG,"Congo, Rep.",
CRI,2012,4663934.0,,,0,SP.POP.TOTL,"Population, total",CR,Costa Rica,
CIV,2012,23467078.0,,,0,SP.POP.TOTL,"Population, total",CI,Cote d'Ivoire,
HRV,2012,4260368.0,,,0,SP.POP.TOTL,"Population, total",HR,Croatia,
CUB,2012,11303175.0,,,0,SP.POP.TOTL,"Population, total",CU,Cuba,
CUW,2012,152088.0,,,0,SP.POP.TOTL,"Population, total",CW,Curacao,
CYP,2012,1165397.0,,,0,SP.POP.TOTL,"Population, total",CY,Cyprus,
CZE,2012,10510785.0,,,0,SP.POP.TOTL,"Population, total",CZ,Czechia,
DNK,2012,5591572.0,,,0,SP.POP.TOTL,"Population, total",DK,Denmark,
DJI,2012,966747.0,,,0,SP.POP.TOTL,"Population, total",DJ,Djibouti,
DMA,2012,69118.0,,,0,SP.POP.TOTL,"Population, total",DM,Dominica,
DOM,2012,10070411.0,,,0,SP.POP.TOTL,"Population, total",DO,Dominican Republic,
ECU,2012,15572194.0,,,0,SP.POP.TOTL,"Population, total",EC,Ecuador,
EGY,2012,93161001.0,,,0,SP.POP.TOTL,"Population, total",EG,"Egypt, Arab Rep.",
SLV,2012,6113975.0,,,0,SP.POP.TOTL,"Population, total",SV,El Salvador,
GNQ,2012,1293483.0,,,0,SP.POP.TOTL,"Population, total",GQ,Equatorial Guinea,
ERI,2012,3036988.0,,,0,SP.POP.TOTL,"Population, total",ER,Eritrea,
EST,2012,1322696.0,,,0,SP.POP.TOTL,"Population, total",EE,Estonia,
SWZ,2012,1123863.0,,,0,SP.POP.TOTL,"Population, total",SZ,Eswatini,
ETH,2012,95798767.0,,,0,SP.POP.TOTL,"Population, total",ET,Ethiopia,
FRO,2012,48291.0,,,0,SP.POP.TOTL,"Population, total",FO,Faroe Islands,
FJI,2012,914918.0,,,0,SP.POP.TOTL,"Population, total",FJ,Fiji,
FIN,2012,5413971.0,,,0,SP.POP.TOTL,"Population, total",FI,Finland,
FRA,2012,65657659.0,,,0,SP.POP.TOTL,"Population, total",FR,France,
PYF,2012,273084.0,,,0,SP.POP.TOTL,"Population, total",PF,French Polynesia,
GAB,2012,1846889.0,,,0,SP.POP.TOTL,"Population, total",GA,Gabon,
GMB,2012,2043094.0,,,0,SP.POP.TOTL,"Population, total",GM,"Gambia, The",
GEO,2012,3728874.0,,,0,SP.POP.TOTL,"Population, total",GE,Georgia,
DEU,2012,80425823.0,,,0,SP.POP.TOTL,"Population, total",DE,Germany,
GHA,2012,26734268.0,,,0,SP.POP.TOTL,"Population, total",GH,Ghana,
GIB,2012,32029.0,,,0,SP.POP.TOTL,"Population, total",GI,Gibraltar,
GRC,2012,11045011.0,,,0,SP.POP.TOTL,"Population, total",GR,Greece,
GRL,2012,56810.0,,,0,SP.POP.TOTL,"Population, total",GL,Greenland,
GRD,2012,112775.0,,,0,SP.POP.TOTL,"Population, total",GD,Grenada,
GUM,2012,166331.0,,,0,SP.POP.TOTL,"Population, total",GU,Guam,
GTM,2012,15089647.0,,,0,SP.POP.TOTL,"Population, total",GT,Guatemala,
GIN,2012,10921581.0,,,0,SP.POP.TOTL,"Population, total",GN,Guinea,
GNB,2012,1651417.0,,,0,SP.POP.TOTL,"Population, total",GW,Guinea-Bissau,
GUY,2012,746288.0,,,0,SP.POP.TOTL,"Population, total",GY,Guyana,
HTI,2012,10069771.0,,,0,SP.POP.TOTL,"Population, total",HT,Haiti,
HND,2012,8715076.0,,,0,SP.POP.TOTL,"Population, total",HN,Honduras,
HKG,2012,7150100.0,,,0,SP.POP.TOTL,"Population, total",HK,"Hong Kong SAR, China",
HUN,2012,9920362.0,,,0,SP.POP.TOTL,"Population, total",HU,Hungary,
ISL,2012,320716.0,,,0,SP.POP.TOTL,"Population, total",IS,Iceland,
IND,2012,1278674502.0,,,0,SP.POP.TOTL,"Population, total",IN,India,
IDN,2012,252698525.0,,,0,SP.POP.TOTL,"Population, total",ID,Indonesia,
IRN,2012,79370580.0,,,0,SP.POP.TOTL,"Population, total",IR,"Iran, Islamic Rep.",
IRQ,2012,33654842.0,,,0,SP.POP.TOTL,"Population, total",IQ,Iraq,
IRL,2012,4599533.0,,,0,SP.POP.TOTL,"Population, total",IE,Ireland,
IMN,2012,84335.0,,,0,SP.POP.TOTL,"Population, total",IM,Isle of Man,
ISR,2012,7910500.0,,,0,SP.POP.TOTL,"Population, total",IL,Israel,
ITA,2012,59539717.0,,,0,SP.POP.TOTL,"Population, total",IT,Italy,
JAM,2012,2772430.0,,,0,SP.POP.TOTL,"Population, total",JM,Jamaica,
JPN,2012,127629000.0,,,0,SP.POP.TOTL,"Population, total",JP,Japan,
JOR,2012,7587127.0,,,0,SP.POP.TOTL,"Population, total",JO,Jordan,
KAZ,2012,17306106.0,,,0,SP.POP.TOTL,"Population, total",KZ,Kazakhstan,
KEN,2012,43888303.0,,,0,SP.POP.TOTL,"Population, total",KE,Kenya,
KIR,2012,112284.0,,,0,SP.POP.TOTL,"Population, total",KI,Kiribati,
PRK,2012,25211728.0,,,0,SP.POP.TOTL,"Population, total",KP,"Korea, Dem. People's Rep.",
KOR,2012,50199853.0,,,0,SP.POP.TOTL,"Population, total",KR,"Korea, Rep.",
XKX,2012,1807126.0,,,0,SP.POP.TOTL,"Population, total",XK,Kosovo,
KWT,2012,3337109.0,,,0,SP.POP.TOTL,"Population, total",KW,Kuwait,
KGZ,2012,5652076.0,,,0,SP.POP.TOTL,"Population, total",KG,Kyrgyz Republic,
LAO,2012,6518978.0,,,0,SP.POP.TOTL,"Population, total",LA,Lao PDR,
LVA,2012,2034319.0,,,0,SP.POP.TOTL,"Population, total",LV,Latvia,
LBN,2012,5235742.0,,,0,SP.POP.TOTL,"Population, total",LB,Lebanon,
LSO,2012,2034354.0,,,0,SP.POP.TOTL,"Population, total",LS,Lesotho,
LBR,2012,4373043.0,,,0,SP.POP.TOTL,"Population, total",LR,Liberia,
LBY,2012,6179328.0,,,0,SP.POP.TOTL,"Population, total",LY,Libya,
LIE,2012,36657.0,,,0,SP.POP.TOTL,"Population, total",LI,Liechtenstein,
LTU,2012,2987773.0,,,0,SP.POP.TOTL,"Population, total",LT,Lithuania,
LUX,2012,530946.0,,,0,SP.POP.TOTL,"Population, total",LU,Luxembourg,
MAC,2012,567900.0,,,0,SP.POP.TOTL,"Population, total",MO,"Macao SAR, China",
MDG,2012,23462438.0,,,0,SP.POP.TOTL,"Population, total",MG,Madagascar,
MWI,2012,15709577.0,,,0,SP.POP.TOTL,"Population, total",MW,Malawi,
MYS,2012,29662831.0,,,0,SP.POP.TOTL,"Population, total",MY,Malaysia,
MDV,2012,386818.0,,,0,SP.POP.TOTL,"Population, total",MV,Maldives,
MLI,2012,16957033.0,,,0,SP.POP.TOTL,"Population, total",ML,Mali,
MLT,2012,420028.0,,,0,SP.POP.TOTL,"Population, total",MT,Malta,
MHL,2012,51419.0,,,0,SP.POP.TOTL,"Population, total",MH,Marshall Islands,
MRT,2012,3619034.0,,,0,SP.POP.TOTL,"Population, total",MR,Mauritania,
MUS,2012,1255882.0,,,0,SP.POP.TOTL,"Population, total",MU,Mauritius,
MEX,2012,116818208.0,,,0,SP.POP.TOTL,"Population, total",MX,Mexico,
FSM,2012,107890.0,,,0,SP.POP.TOTL,"Population, total",FM,"Micronesia, Fed. Sts.",
MDA,2012,2860324.0,,,0,SP.POP.TOTL,"Population, total",MD,Moldova,
MCO,2012,34711.0,,,0,SP.POP.TOTL,"Population, total",MC,Monaco,
MNG,2012,2839705.0,,,0,SP.POP.TOTL,"Population, total",MN,Mongolia,
MNE,2012,620601.0,,,0,SP.POP.TOTL,"Population, total",ME,Montenegro,
MAR,2012,33355241.0,,,0,SP.POP.TOTL,"Population, total",MA,Morocco,
MOZ,2012,24337846.0,,,0,SP.POP.TOTL,"Population, total",MZ,Mozambique,
MMR,2012,49837446.0,,,0,SP.POP.TOTL,"Population, total",MM,Myanmar,
NAM,2012,2194654.0,,,0,SP.POP.TOTL,"Population, total",NA,Namibia,
NRU,2012,10267.0,,,0,SP.POP.TOTL,"Population, total",NR,Nauru,
NPL,2012,27534915.0,,,0,SP.POP.TOTL,"Population, total",NP,Nepal,
NLD,2012,16754962.0,,,0,SP.POP.TOTL,"Population, total",NL,Netherlands,
NCL,2012,271633.0,,,0,SP.POP.TOTL,"Population, total",NC,New Caledonia,
NZL,2012,4408100.0,,,0,SP.POP.TOTL,"Population, total",NZ,New Zealand,
NIC,2012,5901287.0,,,0,SP.POP.TOTL,"Population, total",NI,Nicaragua,
NER,2012,17836769.0,,,0,SP.POP.TOTL,"Population, total",NE,Niger,
NGA,2012,176200625.0,,,0,SP.POP.TOTL,"Population, total",NG,Nigeria,
MKD,2012,1929821.0,,,0,SP.POP.TOTL,"Population, total",MK,North Macedonia,
MNP,2012,53234.0,,,0,SP.POP.TOTL,"Population, total",MP,Northern Mariana Islands,
NOR,2012,5018573.0,,,0,SP.POP.TOTL,"Population, total",NO,Norway,
OMN,2012,3547106.0,,,0,SP.POP.TOTL,"Population, total",OM,Oman,
PAK,2012,207667125.0,,,0,SP.POP.TOTL,"Population, total",PK,Pakistan,
PLW,2012,17765.0,,,0,SP.POP.TOTL,"Population, total",PW,Palau,
PAN,2012,3759256.0,,,0,SP.POP.TOTL,"Population, total",PA,Panama,
PNG,2012,8081390.0,,,0,SP.POP.TOTL,"Population, total",PG,Papua New Guinea,
PRY,2012,5897008.0,,,0,SP.POP.TOTL,"Population, total",PY,Paraguay,
PER,2012,29550366.0,,,0,SP.POP.TOTL,"Population, total",PE,Peru,
PHL,2012,100175512.0,,,0,SP.POP.TOTL,"Population, total",PH,Philippines,
POL,2012,38063164.0,,,0,SP.POP.TOTL,"Population, total",PL,Poland,
PRT,2012,10514844.0,,,0,SP.POP.TOTL,"Population, total",PT,Portugal,
PRI,2012,3634488.0,,,0,SP.POP.TOTL,"Population, total",PR,Puerto Rico,
QAT,2012,1722438.0,,,0,SP.POP.TOTL,"Population, total",QA,Qatar,
ROU,2012,20058035.0,,,0,SP.POP.TOTL,"Population, total",RO,Romania,
RUS,2012,143378447.0,,,0,SP.POP.TOTL,"Population, total",RU,Russian Federation,
RWA,2012,10829901.0,,,0,SP.POP.TOTL,"Population, total",RW,Rwanda,
WSM,2012,196498.0,,,0,SP.POP.TOTL,"Population, total",WS,Samoa,
SMR,2012,33469.0,,,0,SP.POP.TOTL,"Population, total",SM,San Marino,
STP,2012,189439.0,,,0,SP.POP.TOTL,"Population, total",ST,Sao Tome and Principe,
SAU,2012,26168861.0,,,0,SP.POP.TOTL,"Population, total",SA,Saudi Arabia,
SEN,2012,13310495.0,,,0,SP.POP.TOTL,"Population, total",SN,Senegal,
SRB,2012,7201497.0,,,0,SP.POP.TOTL,"Population, total",RS,Serbia,
SYC,2012,88303.0,,,0,SP.POP.TOTL,"Population, total",SC,Seychelles,
SLE,2012,6551080.0,,,0,SP.POP.TOTL,"Population, total",SL,Sierra Leone,
SGP,2012,5312437.0,,,0,SP.POP.TOTL,"Population, total",SG,Singapore,
SXM,2012,35023.0,,,0,SP.POP.TOTL,"Population, total",SX,Sint Maarten (Dutch part),
SVK,2012,5407579.0,,,0,SP.POP.TOTL,"Population, total",SK,Slovak Republic,
SVN,2012,2057159.0,,,0,SP.POP.TOTL,"Population, total",SI,Slovenia,
SLB,2012,573606.0,,,0,SP.POP.TOTL,"Population, total",SB,Solomon Islands,
SOM,2012,12461160.0,,,0,SP.POP.TOTL,"Population, total",SO,Somalia,
ZAF,2012,53782567.0,,,0,SP.POP.TOTL,"Population, total",ZA,South Africa,
SSD,2012,10756240.0,,,0,SP.POP.TOTL,"Population, total",SS,South Sudan,
ESP,2012,46773055.0,,,0,SP.POP.TOTL,"Population, total",ES,Spain,
LKA,2012,21169458.0,,,0,SP.POP.TOTL,"Population, total",LK,Sri Lanka,
KNA,2012,47033.0,,,0,SP.POP.TOTL,"Population, total",KN,St. Kitts and Nevis,
LCA,2012,172587.0,,,0,SP.POP.TOTL,"Population, total",LC,St. Lucia,
MAF,2012,37276.0,,,0,SP.POP.TOTL,"Population, total",MF,St. Martin (French part),
VCT,2012,108736.0,,,0,SP.POP.TOTL,"Population, total",VC,St. Vincent and the Grenadines,
SDN,2012,36923178.0,,,0,SP.POP.TOTL,"Population, total",SD,Sudan,
SUR,2012,562633.0,,,0,SP.POP.TOTL,"Population, total",SR,Suriname,
SWE,2012,9519374.0,,,0,SP.POP.TOTL,"Population, total",SE,Sweden,
CHE,2012,7996861.0,,,0,SP.POP.TOTL,"Population, total",CH,Switzerland,
SYR,2012,22759763.0,,,0,SP.POP.TOTL,"Population, total",SY,Syrian Arab Republic,
TJK,2012,8014084.0,,,0,SP.POP.TOTL,"Population, total",TJ,Tajikistan,
TZA,2012,47374260.0,,,0,SP.POP.TOTL,"Population, total",TZ,Tanzania,
THA,2012,69436098.0,,,0,SP.POP.TOTL,"Population, total",TH,Thailand,
TLS,2012,1134885.0,,,0,SP.POP.TOTL,"Population, total",TL,Timor-Leste,
TGO,2012,7100736.0,,,0,SP.POP.TOTL,"Population, total",TG,Togo,
TON,2012,107460.0,,,0,SP.POP.TOTL,"Population, total",TO,Tonga,
TTO,2012,1335194.0,,,0,SP.POP.TOTL,"Population, total",TT,Trinidad and Tobago,
TUN,2012,11009647.0,,,0,SP.POP.TOTL,"Population, total",TN,Tunisia,
TUR,2012,75175827.0,,,0,SP.POP.TOTL,"Population, total",TR,Turkiye,
TKM,2012,5808546.0,,,0,SP.POP.TOTL,"Population, total",TM,Turkmenistan,
TCA,2012,32127.0,,,0,SP.POP.TOTL,"Population, total",TC,Turks and Caicos Islands,
TUV,2012,10934.0,,,0,SP.POP.TOTL,"Population, total",TV,Tuvalu,
UGA,2012,34337438.0,,,0,SP.POP.TOTL,"Population, total",UG,Uganda,
UKR,2012,46210056.0,,,0,SP.POP.TOTL,"Population, total",UA,Ukraine,
ARE,2012,7391448.0,,,0,SP.POP.TOTL,"Population, total",AE,United Arab Emirates,
GBR,2012,63700215.0,,,0,SP.POP.TOTL,"Population, total",GB,United Kingdom,
USA,2012,313877662.0,,,0,SP.POP.TOTL,"Population, total",US,United States,
URY,2012,3335401.0,,,0,SP.POP.TOTL,"Population, total",UY,Uruguay,
UZB,2012,29261903.0,,,0,SP.POP.TOTL,"Population, total",UZ,Uzbekistan,
VUT,2012,248883.0,,,0,SP.POP.TOTL,"Population, total",VU,Vanuatu,
VEN,2012,29553826.0,,,0,SP.POP.TOTL,"Population, total",VE,"Venezuela, RB",
VNM,2012,89510356.0,,,0,SP.POP.TOTL,"Population, total",VN,Viet Nam,
VIR,2012,108188.0,,,0,SP.POP.TOTL,"Population, total",VI,Virgin Islands (U.S.),
PSE,2012,3979998.0,,,0,SP.POP.TOTL,"Population, total",PS,West Bank and Gaza,
YEM,2012,28433647.0,,,0,SP.POP.TOTL,"Population, total",YE,"Yemen, Rep.",
ZMB,2012,14913629.0,,,0,SP.POP.TOTL,"Population, total",ZM,Zambia,
ZWE,2012,13817887.0,,,0,SP.POP.TOTL,"Population, total",ZW,Zimbabwe,
AFE,2012,952998559818.562,,,0,NY.GDP.MKTP.CD,GDP (current US$),ZH,Africa Eastern and Southern,
AFW,2012,739938079289.657,,,0,NY.GDP.MKTP.CD,GDP (current US$),ZI,Africa Western and Central,
ARB,2012,2795312711245.16,,,0,NY.GDP.MKTP.CD,GDP (current US$),1A,Arab World,
CSS,2012,32709956406.1337,,,0,NY.GDP.MKTP.CD,GDP (current US$),S3,Caribbean small states,
CEB,2012,1362237950388.93,,,0,NY.GDP.MKTP.CD,GDP (current US$),B8,Central Europe and the Baltics,
EAR,2012,10268569123152.0,,,0,NY.GDP.MKTP.CD,GDP (current US$),V2,Early-demographic dividend,
EAS,2012,21177835969896.8,,,0,NY.GDP.MKTP.CD,GDP (current US$),Z4,East Asia & Pacific,
EAP,2012,10763685249440.0,,,0,NY.GDP.MKTP.CD,GDP (current US$),4E,East Asia & Pacific (excluding high income),
TEA,2012,10750493312502.7,,,0,NY.GDP.MKTP.CD,GDP (current US$),T4,East Asia & Pacific (IDA & IBRD countries),
EMU,2012,12786713590087.7,,,0,NY.GDP.MKTP.CD,GDP (current US$),XC,Euro area,
ECS,2012,22545178145610.6,,,0,NY.GDP.MKTP.CD,GDP (current US$),Z7,Europe & Central Asia,
ECA,2012,1654300745953.37,,,0,NY.GDP.MKTP.CD,GDP (current US$),7E,Europe & Central Asia (excluding high income),
TEC,2012,4651700371453.54,,,0,NY.GDP.MKTP.CD,GDP (current US$),T7,Europe & Central Asia (IDA & IBRD countries),
EUU,2012,14733979958478.4,,,0,NY.GDP.MKTP.CD,GDP (current US$),EU,European Union,
FCS,2012,1862136657810.93,,,0,NY.GDP.MKTP.CD,GDP (current US$),F1,Fragile and conflict affected situations,
HPC,2012,586349743998.452,,,0,NY.GDP.MKTP.CD,GDP (current US$),XE,Heavily indebted poor countries (HIPC),
,2012,51803547767852.5,,,0,NY.GDP.MKTP.CD,GDP (current US$),XD,High income,
IBD,2012,25306389172545.8,,,0,NY.GDP.MKTP.CD,GDP (current US$),XF,IBRD only,
IBT,2012,27201457309739.7,,,0,NY.GDP.MKTP.CD,GDP (current US$),ZT,IDA & IBRD total,
IDB,2012,946685763995.533,,,0,NY.GDP.MKTP.CD,GDP (current US$),XH,IDA blend,
IDX,2012,948382373198.357,,,0,NY.GDP.MKTP.CD,GDP (current US$),XI,IDA only,
IDA,2012,1895068137193.89,,,0,NY.GDP.MKTP.CD,GDP (current US$),XG,IDA total,
LTE,2012,17686777065865.5,,,0,NY.GDP.MKTP.CD,GDP (current US$),V3,Late-demographic dividend,
LCN,2012,6210848401059.53,,,0,NY.GDP.MKTP.CD,GDP (current US$),ZJ,Latin America & Caribbean,
LAC,2012,5297867570045.92,,,0,NY.GDP.MKTP.CD,GDP (current US$),XJ,Latin America & Caribbean (excluding high income),
TLA,2012,6007685903867.2,,,0,NY.GDP.MKTP.CD,GDP (current US$),T2,Latin America & the Caribbean (IDA & IBRD countries),
LDC,2012,825270042082.727,,,0,NY.GDP.MKTP.CD,GDP (current US$),XL,Least developed countries: UN classification,
LMY,2012,23520241947859.2,,,0,NY.GDP.MKTP.CD,GDP (current US$),XO,Low & middle income,
,2012,384272110891.718,,,0,NY.GDP.MKTP.CD,GDP (current US$),XM,Low income,
,2012,4460333855933.93,,,0,NY.GDP.MKTP.CD,GDP (current US$),XN,Lower middle income,
MEA,2012,3662117827580.82,,,0,NY.GDP.MKTP.CD,GDP (current US$),ZQ,Middle East & North Africa,
MNA,2012,1782876979918.12,,,0,NY.GDP.MKTP.CD,GDP (current US$),XQ,Middle East & North Africa (excluding high income),
TMN,2012,1770668579918.12,,,0,NY.GDP.MKTP.CD,GDP (current US$),T3,Middle East & North Africa (IDA & IBRD countries),
MIC,2012,23137075094884.2,,,0,NY.GDP.MKTP.CD,GDP (current US$),XP,Middle income,
NAC,2012,18088714669521.6,,,0,NY.GDP.MKTP.CD,GDP (current US$),XU,North America,
,2012,,,,0,NY.GDP.MKTP.CD,GDP (current US$),XY,Not classified,
OED,2012,48769425142265.2,,,0,NY.GDP.MKTP.CD,GDP (current US$),OE,OECD members,
OSS,2012,157526649386.15,,,0,NY.GDP.MKTP.CD,GDP (current US$),S4,Other small states,
PSS,2012,8219768450.42311,,,0,NY.GDP.MKTP.CD,GDP (current US$),S2,Pacific island small states,
PST,2012,45868249159595.6,,,0,NY.GDP.MKTP.CD,GDP (current US$),V4,Post-demographic dividend,
PRE,2012,1321869628378.18,,,0,NY.GDP.MKTP.CD,GDP (current US$),V1,Pre-demographic dividend,
SST,2012,198456374242.707,,,0,NY.GDP.MKTP.CD,GDP (current US$),S1,Small states,
SAS,2012,2327972502889.9,,,0,NY.GDP.MKTP.CD,GDP (current US$),8S,South Asia,
TSA,2012,2327972502889.9,,,0,NY.GDP.MKTP.CD,GDP (current US$),T5,South Asia (IDA & IBRD),
SSF,2012,1692936639108.22,,,0,NY.GDP.MKTP.CD,GDP (current US$),ZG,Sub-Saharan Africa,
SSA,2012,1691847231269.02,,,0,NY.GDP.MKTP.CD,GDP (current US$),ZF,Sub-Saharan Africa (excluding high income),
TSS,2012,1692936639108.22,,,0,NY.GDP.MKTP.CD,GDP (current US$),T6,Sub-Saharan Africa (IDA & IBRD countries),
,2012,18676741238950.3,,,0,NY.GDP.MKTP.CD,GDP (current US$),XT,Upper middle income,
WLD,2012,75705854038889.1,,,0,NY.GDP.MKTP.CD,GDP (current US$),1W,World,
AFG,2012,19907329777.5872,,,0,NY.GDP.MKTP.CD,GDP (current US$),AF,Afghanistan,
ALB,2012,12319834195.331,,,0,NY.GDP.MKTP.CD,GDP (current US$),AL,Albania,
DZA,2012,227143746075.934,,,0,NY.GDP.MKTP.CD,GDP (current US$),DZ,Algeria,
ASM,2012,640000000.0,,,0,NY.GDP.MKTP.CD,GDP (current US$),AS,American Samoa,
AND,2012,3188652765.36184,,,0,NY.GDP.MKTP.CD,GDP (current US$),AD,Andorra,
AGO,2012,128052915766.343,,,0,NY.GDP.MKTP.CD,GDP (current US$),AO,Angola,
ATG,2012,1327107407.40741,,,0,NY.GDP.MKTP.CD,GDP (current US$),AG,Antigua and Barbuda,
ARG,2012,545982375701.128,,,0,NY.GDP.MKTP.CD,GDP (current US$),AR,Argentina,
ARM,2012,10619320682.9474,,,0,NY.GDP.MKTP.CD,GDP (current US$),AM,Armenia,
ABW,2012,2615208379.88827,,,0,NY.GDP.MKTP.CD,GDP (current US$),AW,Aruba,
AUS,2012,1547532281116.4,,,0,NY.GDP.MKTP.CD,GDP (current US$),AU,Australia,
AUT,2012,406750487603.59,,,0,NY.GDP.MKTP.CD,GDP (current US$),AT,Austria,
AZE,2012,69679944504.1972,,,0,NY.GDP.MKTP.CD,GDP (current US$),AZ,Azerbaijan,
BHS,2012,10720400000.0,,,0,NY.GDP.MKTP.CD,GDP (current US$),BS,"Bahamas, The",
BHR,2012,31963404255.3191,,,0,NY.GDP.MKTP.CD,GDP (current US$),BH,Bahrain,
BGD,2012,133310747603.483,,,0,NY.GDP.MKTP.CD,GDP (current US$),BD,Bangladesh,
BRB,2012,5271257500.0,,,0,NY.GDP.MKTP.CD,GDP (current US$),BB,Barbados,
BLR,2012,65685890438.8922,,,0,NY.GDP.MKTP.CD,GDP (current US$),BY,Belarus,
BEL,2012,498414364944.961,,,0,NY.GDP.MKTP.CD,GDP (current US$),BE,Belgium,
BLZ,2012,1909400000.0,,,0,NY.GDP.MKTP.CD,GDP (current US$),BZ,Belize,
BEN,2012,11141358105.9853,,,0,NY.GDP.MKTP.CD,GDP (current US$),BJ,Benin,
BMU,2012,6378188000.0,,,0,NY.GDP.MKTP.CD,GDP (current US$),BM,Bermuda,
BTN,2012,1973387228.03924,,,0,NY.GDP.MKTP.CD,GDP (current US$),BT,Bhutan,
BOL,2012,27084497481.9103,,,0,NY.GDP.MKTP.CD,GDP (current US$),BO,Bolivia,
BIH,2012,17226735995.6905,,,0,NY.GDP.MKTP.CD,GDP (current US$),BA,Bosnia and Herzegovina,
BWA,2012,13907464500.1489,,,0,NY.GDP.MKTP.CD,GDP (current US$),BW,Botswana,
BRA,2012,2465227803011.57,,,0,NY.GDP.MKTP.CD,GDP (current US$),BR,Brazil,
VGB,2012,,,,0,NY.GDP.MKTP.CD,GDP (current US$),VG,British Virgin Islands,
BRN,2012,19048443339.9457,,,0,NY.GDP.MKTP.CD,GDP (current US$),BN,Brunei Darussalam,
BGR,2012,54288135058.7926,,,0,NY.GDP.MKTP.CD,GDP (current US$),BG,Bulgaria,
BFA,2012,12561015156.5683,,,0,NY.GDP.MKTP.CD,GDP (current US$),BF,Burkina Faso,
BDI,2012,2333341334.45753,,,0,NY.GDP.MKTP.CD,GDP (current US$),BI,Burundi,
CPV,2012,1913081210.41411,,,0,NY.GDP.MKTP.CD,GDP (current US$),CV,Cabo Verde,
KHM,2012,17826536699.8016,,,0,NY.GDP.MKTP.CD,GDP (current US$),KH,Cambodia,
CMR,2012,30155062329.2821,,,0,NY.GDP.MKTP.CD,GDP (current US$),CM,Cameroon,
CAN,2012,1828366481521.6,,,0,NY.GDP.MKTP.CD,GDP (current US$),CA,Canada,
CYM,2012,4291004524.0181,,,0,NY.GDP.MKTP.CD,GDP (current US$),KY,Cayman Islands,
CAF,2012,2510126512.22831,,,0,NY.GDP.MKTP.CD,GDP (current US$),CF,Central African Republic,
TCD,2012,12367362757.1342,,,0,NY.GDP.MKTP.CD,GDP (current US$),TD,Chad,
CHI,2012,9455340154.1218,,,0,NY.GDP.MKTP.CD,GDP (current US$),JG,Channel Islands,
CHL,2012,267024782480.28,,,0,NY.GDP.MKTP.CD,GDP (current US$),CL,Chile,
CHN,2012,8532185381680.59,,,0,NY.GDP.MKTP.CD,GDP (current US$),CN,China,
COL,2012,370691143018.039,,,0,NY.GDP.MKTP.CD,GDP (current US$),CO,Colombia,
COM,2012,1015843490.82374,,,0,NY.GDP.MKTP.CD,GDP (current US$),KM,Comoros,
COD,2012,29306235285.2597,,,0,NY.GDP.MKTP.CD,GDP (current US$),CD,"Congo, Dem. Rep.",
COG,2012,17692911296.3044,,,0,NY.GDP.MKTP.CD,GDP (current US$),CG,"Congo, Rep.",
CRI,2012,47231655431.7355,,,0,NY.GDP.MKTP.CD,GDP (current US$),CR,Costa Rica,
CIV,2012,36302302877.2977,,,0,NY.GDP.MKTP.CD,GDP (current US$),CI,Cote d'Ivoire,
HRV,2012,57551963753.2104,,,0,NY.GDP.MKTP.CD,GDP (current US$),HR,Croatia,
CUB,2012,73141000000.0,,,0,NY.GDP.MKTP.CD,GDP (current US$),CU,Cuba,
CUW,2012,3012836256.98324,,,0,NY.GDP.MKTP.CD,GDP (current US$),CW,Curacao,
CYP,2012,25047436974.6819,,,0,NY.GDP.MKTP.CD,GDP (current US$),CY,Cyprus,
CZE,2012,210363223087.728,,,0,NY.GDP.MKTP.CD,GDP (current US$),CZ,Czechia,
DNK,2012,326792574244.963,,,0,NY.GDP.MKTP.CD,GDP (current US$),DK,Denmark,
DJI,2012,1353632941.5207,,,0,NY.GDP.MKTP.CD,GDP (current US$),DJ,Djibouti,
DMA,2012,485996296.296296,,,0,NY.GDP.MKTP.CD,GDP (current US$),DM,Dominica,
DOM,2012,60681535652.5373,,,0,NY.GDP.MKTP.CD,GDP (current US$),DO,Dominican Republic,
ECU,2012,87735048000.0,,,0,NY.GDP.MKTP.CD,GDP (current US$),EC,Ecuador,
EGY,2012,279116666666.667,,,0,NY.GDP.MKTP.CD,GDP (current US$),EG,"Egypt, Arab Rep.",
SLV,2012,21386150000.0,,,0,NY.GDP.MKTP.CD,GDP (current US$),SV,El Salvador,
GNQ,2012,22388344143.9131,,,0,NY.GDP.MKTP.CD,GDP (current US$),GQ,Equatorial Guinea,
ERI,2012,,,,0,NY.GDP.MKTP.CD,GDP (current US$),ER,Eritrea,
EST,2012,23237406116.3988,,,0,NY.GDP.MKTP.CD,GDP (current US$),EE,Estonia,
SWZ,2012,4886551483.93374,,,0,NY.GDP.MKTP.CD,GDP (current US$),SZ,Eswatini,
ETH,2012,43310721414.0829,,,0,NY.GDP.MKTP.CD,GDP (current US$),ET,Ethiopia,
FRO,2012,2427200388.91831,,,0,NY.GDP.MKTP.CD,GDP (current US$),FO,Faroe Islands,
FJI,2012,3972028104.47328,,,0,NY.GDP.MKTP.CD,GDP (current US$),FJ,Fiji,
FIN,2012,257443384492.969,,,0,NY.GDP.MKTP.CD,GDP (current US$),FI,Finland,
FRA,2012,2683007095787.23,,,0,NY.GDP.MKTP.CD,GDP (current US$),FR,France,
PYF,2012,5692858099.00217,,,0,NY.GDP.MKTP.CD,GDP (current US$),PF,French Polynesia,
GAB,2012,17170464016.0593,,,0,NY.GDP.MKTP.CD,GDP (current US$),GA,Gabon,
GMB,2012,1415004738.26621,,,0,NY.GDP.MKTP.CD,GDP (current US$),GM,"Gambia, The",
GEO,2012,16894392033.2256,,,0,NY.GDP.MKTP.CD,GDP (current US$),GE,Georgia,
DEU,2012,3597896500945.31,,,0,NY.GDP.MKTP.CD,GDP (current US$),DE,Germany,
GHA,2012,41271701060.954,,,0,NY.GDP.MKTP.CD,GDP (current US$),GH,Ghana,
GIB,2012,,,,0,NY.GDP.MKTP.CD,GDP (current US$),GI,Gibraltar,
GRC,2012,238841140018.233,,,0,NY.GDP.MKTP.CD,GDP (current US$),GR,Greece,
GRL,2012,2609678486.36749,,,0,NY.GDP.MKTP.CD,GDP (current US$),GL,Greenland,
GRD,2012,799881481.481481,,,0,NY.GDP.MKTP.CD,GDP (current US$),GD,Grenada,
GUM,2012,5265000000.0,,,0,NY.GDP.MKTP.CD,GDP (current US$),GU,Guam,
GTM,2012,49593929487.1263,,,0,NY.GDP.MKTP.CD,GDP (current US$),GT,Guatemala,
GIN,2012,7638044556.84656,,,0,NY.GDP.MKTP.CD,GDP (current US$),GN,Guinea,
GNB,2012,1049412177.11413,,,0,NY.GDP.MKTP.CD,GDP (current US$),GW,Guinea-Bissau,
GUY,2012,4063088535.76331,,,0,NY.GDP.MKTP.CD,GDP (current US$),GY,Guyana,
HTI,2012,13708925477.1304,,,0,NY.GDP.MKTP.CD,GDP (current US$),HT,Haiti,
HND,2012,18528554397.5695,,,0,NY.GDP.MKTP.CD,GDP (current US$),HN,Honduras,
HKG,2012,262628865879.697,,,0,NY.GDP.MKTP.CD,GDP (current US$),HK,"Hong Kong SAR, China",
HUN,2012,128814279315.132,,,0,NY.GDP.MKTP.CD,GDP (current US$),HU,Hungary,
ISL,2012,14751508133.5443,,,0,NY.GDP.MKTP.CD,GDP (current US$),IS,Iceland,
IND,2012,1827637590410.41,,,0,NY.GDP.MKTP.CD,GDP (current US$),IN,India,
IDN,2012,917869913364.917,,,0,NY.GDP.MKTP.CD,GDP (current US$),ID,Indonesia,
IRN,2012,644019315003.54,,,0,NY.GDP.MKTP.CD,GDP (current US$),IR,"Iran, Islamic Rep.",
IRQ,2012,218002476129.472,,,0,NY.GDP.MKTP.CD,GDP (current US$),IQ,Iraq,
IRL,2012,227270922957.327,,,0,NY.GDP.MKTP.CD,GDP (current US$),IE,Ireland,
IMN,2012,6690228371.66909,,,0,NY.GDP.MKTP.CD,GDP (current US$),IM,Isle of Man,
ISR,2012,262917911696.944,,,0,NY.GDP.MKTP.CD,GDP (current US$),IL,Israel,
ITA,2012,2097929495121.68,,,0,NY.GDP.MKTP.CD,GDP (current US$),IT,Italy,
JAM,2012,14807086555.5283,,,0,NY.GDP.MKTP.CD,GDP (current US$),JM,Jamaica,
JPN,2012,6272362996105.03,,,0,NY.GDP.MKTP.CD,GDP (current US$),JP,Japan,
JOR,2012,31634561690.1408,,,0,NY.GDP.MKTP.CD,GDP (current US$),JO,Jordan,
KAZ,2012,207998568865.789,,,0,NY.GDP.MKTP.CD,GDP (current US$),KZ,Kazakhstan,
KEN,2012,56396704671.5777,,,0,NY.GDP.MKTP.CD,GDP (current US$),KE,Kenya,
KIR,2012,207001557.767135,,,0,NY.GDP.MKTP.CD,GDP (current US$),KI,Kiribati,
PRK,2012,,,,0,NY.GDP.MKTP.CD,GDP (current US$),KP,"Korea, Dem. People's Rep.",
KOR,2012,1278046536287.01,,,0,NY.GDP.MKTP.CD,GDP (current US$),KR,"Korea, Rep.",
XKX,2012,6163484244.63408,,,0,NY.GDP.MKTP.CD,GDP (current US$),XK,Kosovo,
KWT,2012,174047662555.419,,,0,NY.GDP.MKTP.CD,GDP (current US$),KW,Kuwait,
KGZ,2012,6605142884.36215,,,0,NY.GDP.MKTP.CD,GDP (current US$),KG,Kyrgyz Republic,
LAO,2012,10192846339.4029,,,0,NY.GDP.MKTP.CD,GDP (current US$),LA,Lao PDR,
LVA,2012,27116149948.6683,,,0,NY.GDP.MKTP.CD,GDP (current US$),LV,Latvia,
LBN,2012,44016799515.7546,,,0,NY.GDP.MKTP.CD,GDP (current US$),LB,Lebanon,
LSO,2012,2477702216.26888,,,0,NY.GDP.MKTP.CD,GDP (current US$),LS,Lesotho,
LBR,2012,2791614000.0,,,0,NY.GDP.MKTP.CD,GDP (current US$),LR,Liberia,
LBY,2012,92540938129.1315,,,0,NY.GDP.MKTP.CD,GDP (current US$),LY,Libya,
LIE,2012,5456102482.28614,,,0,NY.GDP.MKTP.CD,GDP (current US$),LI,Liechtenstein,
LTU,2012,42709372066.8627,,,0,NY.GDP.MKTP.CD,GDP (current US$),LT,Lithuania,
LUX,2012,59776383527.3602,,,0,NY.GDP.MKTP.CD,GDP (current US$),LU,Luxembourg,
MAC,2012,43189721376.9846,,,0,NY.GDP.MKTP.CD,GDP (current US$),MO,"Macao SAR, China",
MDG,2012,11578975061.9479,,,0,NY.GDP.MKTP.CD,GDP (current US$),MG,Madagascar,
MWI,2012,8773203178.16512,,,0,NY.GDP.MKTP.CD,GDP (current US$),MW,Malawi,
MYS,2012,314443047642.111,,,0,NY.GDP.MKTP.CD,GDP (current US$),MY,Malaysia,
MDV,2012,2886163997.20531,,,0,NY.GDP.MKTP.CD,GDP (current US$),MV,Maldives,
MLI,2012,12442035339.1049,,,0,NY.GDP.MKTP.CD,GDP (current US$),ML,Mali,
MLT,2012,9609532088.88683,,,0,NY.GDP.MKTP.CD,GDP (current US$),MT,Malta,
MHL,2012,180700000.0,,,0,NY.GDP.MKTP.CD,GDP (current US$),MH,Marshall Islands,
MRT,2012,6728208836.22143,,,0,NY.GDP.MKTP.CD,GDP (current US$),MR,Mauritania,
MUS,2012,11668696396.7887,,,0,NY.GDP.MKTP.CD,GDP (current US$),MU,Mauritius,
MEX,2012,1255110424817.79,,,0,NY.GDP.MKTP.CD,GDP (current US$),MX,Mexico,
FSM,2012,327248700.0,,,0,NY.GDP.MKTP.CD,GDP (current US$),FM,"Micronesia, Fed. Sts.",
MDA,2012,8709138634.82921,,,0,NY.GDP.MKTP.CD,GDP (current US$),MD,Moldova,
MCO,2012,5742749294.00852,,,0,NY.GDP.MKTP.CD,GDP (current US$),MC,Monaco,
MNG,2012,12292770631.565,,,0,NY.GDP.MKTP.CD,GDP (current US$),MN,Mongolia,
MNE,2012,4087526241.81268,,,0,NY.GDP.MKTP.CD,GDP (current US$),ME,Montenegro,
MAR,2012,106937392311.129,,,0,NY.GDP.MKTP.CD,GDP (current US$),MA,Morocco,
MOZ,2012,16688114144.0745,,,0,NY.GDP.MKTP.CD,GDP (current US$),MZ,Mozambique,
MMR,2012,59937796648.2158,,,0,NY.GDP.MKTP.CD,GDP (current US$),MM,Myanmar,
NAM,2012,13042053591.6857,,,0,NY.GDP.MKTP.CD,GDP (current US$),NA,Namibia,
NRU,2012,100794924.670417,,,0,NY.GDP.MKTP.CD,GDP (current US$),NR,Nauru,
NPL,2012,21703100877.1309,,,0,NY.GDP.MKTP.CD,GDP (current US$),NP,Nepal,
NLD,2012,845689017065.625,,,0,NY.GDP.MKTP.CD,GDP (current US$),NL,Netherlands,
NCL,2012,9659151917.40484,,,0,NY.GDP.MKTP.CD,GDP (current US$),NC,New Caledonia,
NZL,2012,176210710655.208,,,0,NY.GDP.MKTP.CD,GDP (current US$),NZ,New Zealand,
NIC,2012,10531980451.1847,,,0,NY.GDP.MKTP.CD,GDP (current US$),NI,Nicaragua,
NER,2012,9426912647.59111,,,0,NY.GDP.MKTP.CD,GDP (current US$),NE,Niger,
NGA,2012,463971018239.281,,,0,NY.GDP.MKTP.CD,GDP (current US$),NG,Nigeria,
MKD,2012,9745261300.57788,,,0,NY.GDP.MKTP.CD,GDP (current US$),MK,North Macedonia,
MNP,2012,746000000.0,,,0,NY.GDP.MKTP.CD,GDP (current US$),MP,Northern Mariana Islands,
NOR,2012,512777309840.997,,,0,NY.GDP.MKTP.CD,GDP (current US$),NO,Norway,
OMN,2012,87408842652.7958,,,0,NY.GDP.MKTP.CD,GDP (current US$),OM,Oman,
PAK,2012,250106966104.704,,,0,NY.GDP.MKTP.CD,GDP (current US$),PK,Pakistan,
PLW,2012,215762400.0,,,0,NY.GDP.MKTP.CD,GDP (current US$),PW,Palau,
PAN,2012,41595439700.0,,,0,NY.GDP.MKTP.CD,GDP (current US$),PA,Panama,
PNG,2012,21295168665.7247,,,0,NY.GDP.MKTP.CD,GDP (current US$),PG,Papua New Guinea,
PRY,2012,33271921136.315,,,0,NY.GDP.MKTP.CD,GDP (current US$),PY,Paraguay,
PER,2012,192650021648.583,,,0,NY.GDP.MKTP.CD,GDP (current US$),PE,Peru,
PHL,2012,261920540972.102,,,0,NY.GDP.MKTP.CD,GDP (current US$),PH,Philippines,
POL,2012,498148649702.66,,,0,NY.GDP.MKTP.CD,GDP (current US$),PL,Poland,
PRT,2012,216536676771.973,,,0,NY.GDP.MKTP.CD,GDP (current US$),PT,Portugal,
PRI,2012,101564800000.0,,,0,NY.GDP.MKTP.CD,GDP (current US$),PR,Puerto Rico,
QAT,2012,186833502362.637,,,0,NY.GDP.MKTP.CD,GDP (current US$),QA,Qatar,
ROU,2012,179117323107.087,,,0,NY.GDP.MKTP.CD,GDP (current US$),RO,Romania,
RUS,2012,2208293553878.42,,,0,NY.GDP.MKTP.CD,GDP (current US$),RU,Russian Federation,
RWA,2012,7654761573.54991,,,0,NY.GDP.MKTP.CD,GDP (current US$),RW,Rwanda,
WSM,2012,773141661.165548,,,0,NY.GDP.MKTP.CD,GDP (current US$),WS,Samoa,
SMR,2012,1604701299.43546,,,0,NY.GDP.MKTP.CD,GDP (current US$),SM,San Marino,
STP,2012,229371348.202606,,,0,NY.GDP.MKTP.CD,GDP (current US$),ST,Sao Tome and Principe,
SAU,2012,741849866666.667,,,0,NY.GDP.MKTP.CD,GDP (current US$),SA,Saudi Arabia,
SEN,2012,17660870411.5235,,,0,NY.GDP.MKTP.CD,GDP (current US$),SN,Senegal,
SRB,2012,45103269969.4112,,,0,NY.GDP.MKTP.CD,GDP (current US$),RS,Serbia,
SYC,2012,1089407839.19709,,,0,NY.GDP.MKTP.CD,GDP (current US$),SC,Seychelles,
SLE,2012,5927684219.15278,,,0,NY.GDP.MKTP.CD,GDP (current US$),SL,Sierra Leone,
SGP,2012,295092888076.589,,,0,NY.GDP.MKTP.CD,GDP (current US$),SG,Singapore,
SXM,2012,985865921.787709,,,0,NY.GDP.MKTP.CD,GDP (current US$),SX,Sint Maarten (Dutch part),
SVK,2012,94724394278.052,,,0,NY.GDP.MKTP.CD,GDP (current US$),SK,Slovak Republic,
SVN,2012,46167053954.3367,,,0,NY.GDP.MKTP.CD,GDP (current US$),SI,Slovenia,
SLB,2012,1185215418.25562,,,0,NY.GDP.MKTP.CD,GDP (current US$),SB,Solomon Islands,
SOM,2012,4364670160.00146,,,0,NY.GDP.MKTP.CD,GDP (current US$),SO,Somalia,
ZAF,2012,434400545085.811,,,0,NY.GDP.MKTP.CD,GDP (current US$),ZA,South Africa,
SSD,2012,11931472169.4915,,,0,NY.GDP.MKTP.CD,GDP (current US$),SS,South Sudan,
ESP,2012,1330994811670.31,,,0,NY.GDP.MKTP.CD,GDP (current US$),ES,Spain,
LKA,2012,70447216891.3366,,,0,NY.GDP.MKTP.CD,GDP (current US$),LK,Sri Lanka,
KNA,2012,824585185.185185,,,0,NY.GDP.MKTP.CD,GDP (current US$),KN,St. Kitts and Nevis,
LCA,2012,1598207407.40741,,,0,NY.GDP.MKTP.CD,GDP (current US$),LC,St. Lucia,
MAF,2012,,,,0,NY.GDP.MKTP.CD,GDP (current US$),MF,St. Martin (French part),
VCT,2012,730032592.592593,,,0,NY.GDP.MKTP.CD,GDP (current US$),VC,St. Vincent and the Grenadines,
SDN,2012,37632919966.6667,,,0,NY.GDP.MKTP.CD,GDP (current US$),SD,Sudan,
SUR,2012,4980000000.0,,,0,NY.GDP.MKTP.CD,GDP (current US$),SR,Suriname,
SWE,2012,549742183874.355,,,0,NY.GDP.MKTP.CD,GDP (current US$),SE,Sweden,
CHE,2012,686420221557.99,,,0,NY.GDP.MKTP.CD,GDP (current US$),CH,Switzerland,
SYR,2012,43190318032.5627,,,0,NY.GDP.MKTP.CD,GDP (current US$),SY,Syrian Arab Republic,
TJK,2012,7633036903.07634,,,0,NY.GDP.MKTP.CD,GDP (current US$),TJ,Tajikistan,
TZA,2012,39650394362.9287,,,0,NY.GDP.MKTP.CD,GDP (current US$),TZ,Tanzania,
THA,2012,397558325278.579,,,0,NY.GDP.MKTP.CD,GDP (current US$),TH,Thailand,
TLS,2012,1160555000.0,,,0,NY.GDP.MKTP.CD,GDP (current US$),TL,Timor-Leste,
TGO,2012,5413544658.41535,,,0,NY.GDP.MKTP.CD,GDP (current US$),TG,Togo,
TON,2012,471122970.872337,,,0,NY.GDP.MKTP.CD,GDP (current US$),TO,Tonga,
TTO,2012,27334568806.1922,,,0,NY.GDP.MKTP.CD,GDP (current US$),TT,Trinidad and Tobago,
TUN,2012,47311401812.6733,,,0,NY.GDP.MKTP.CD,GDP (current US$),TN,Tunisia,
TUR,2012,880555885492.269,,,0,NY.GDP.MKTP.CD,GDP (current US$),TR,Turkiye,
TKM,2012,35164210526.3158,,,0,NY.GDP.MKTP.CD,GDP (current US$),TM,Turkmenistan,
TCA,2012,727161000.0,,,0,NY.GDP.MKTP.CD,GDP (current US$),TC,Turks and Caicos Islands,
TUV,2012,39345579.4723758,,,0,NY.GDP.MKTP.CD,GDP (current US$),TV,Tuvalu,
UGA,2012,27305915910.7877,,,0,NY.GDP.MKTP.CD,GDP (current US$),UG,Uganda,
UKR,2012,182591753827.949,,,0,NY.GDP.MKTP.CD,GDP (current US$),UA,Ukraine,
ARE,2012,384610125384.033,,,0,NY.GDP.MKTP.CD,GDP (current US$),AE,United Arab Emirates,
GBR,2012,2707089726614.64,,,0,NY.GDP.MKTP.CD,GDP (current US$),GB,United Kingdom,
USA,2012,16253970000000.0,,,0,NY.GDP.MKTP.CD,GDP (current US$),US,United States,
URY,2012,54232266358.7811,,,0,NY.GDP.MKTP.CD,GDP (current US$),UY,Uruguay,
UZB,2012,67517349212.0609,,,0,NY.GDP.MKTP.CD,GDP (current US$),UZ,Uzbekistan,
VUT,2012,747839697.746593,,,0,NY.GDP.MKTP.CD,GDP (current US$),VU,Vanuatu,
VEN,2012,381286237847.667,,,0,NY.GDP.MKTP.CD,GDP (current US$),VE,"Venezuela, RB",
VNM,2012,195590661129.249,,,0,NY.GDP.MKTP.CD,GDP (current US$),VN,Viet Nam,
VIR,2012,4089000000.0,,,0,NY.GDP.MKTP.CD,GDP (current US$),VI,Virgin Islands (U.S.),
PSE,2012,12208400000.0,,,0,NY.GDP.MKTP.CD,GDP (current US$),PS,West Bank and Gaza,
YEM,2012,35401331609.5916,,,0,NY.GDP.MKTP.CD,GDP (current US$),YE,"Yemen, Rep.",
ZMB,2012,25503060420.026,,,0,NY.GDP.MKTP.CD,GDP (current US$),ZM,Zambia,
ZWE,2012,17114849900.0,,,0,NY.GDP.MKTP.CD,GDP (current US$),ZW,Zimbabwe,
AFE,2012,60.2495123598467,,,0,SP.DYN.LE00.IN,"Life expectancy at birth, total (years)",ZH,Africa Eastern and Southern,
AFW,2012,55.2927058217917,,,0,SP.DYN.LE00.IN,"Life expectancy at birth, total (years)",ZI,Africa Western and Central,
ARB,2012,69.842316602094,,,0,SP.DYN.LE00.IN,"Life expectancy at birth, total (years)",1A,Arab World,
CSS,2012,70.8891641661923,,,0,SP.DYN.LE00.IN,"Life expectancy at birth, total (years)",S3,Caribbean small states,
CEB,2012,76.0034225932537,,,0,SP.DYN.LE00.IN,"Life expectancy at birth, total (years)",B8,Central Europe and the Baltics,
EAR,2012,68.6094630284121,,,0,SP.DYN.LE00.IN,"Life expectancy at birth, total (years)",V2,Early-demographic dividend,
EAS,2012,75.1059726864745,,,0,SP.DYN.LE00.IN,"Life expectancy at birth, total (years)",Z4,East Asia & Pacific,
EAP,2012,74.2597872053228,,,0,SP.DYN.LE00.IN,"Life expectancy at birth, total (years)",4E,East Asia & Pacific (excluding high income),
TEA,2012,74.2971126258118,,,0,SP.DYN.LE00.IN,"Life expectancy at birth, total (years)",T4,East Asia & Pacific (IDA & IBRD countries),
EMU,2012,81.1807394712406,,,0,SP.DYN.LE00.IN,"Life expectancy at birth, total (years)",XC,Euro area,
ECS,2012,76.6765065925846,,,0,SP.DYN.LE00.IN,"Life expectancy at birth, total (years)",Z7,Europe & Central Asia,
ECA,2012,72.6745039232103,,,0,SP.DYN.LE00.IN,"Life expectancy at birth, total (years)",7E,Europe & Central Asia (excluding high income),
TEC,2012,72.3341184252823,,,0,SP.DYN.LE00.IN,"Life expectancy at birth, total (years)",T7,Europe & Central Asia (IDA & IBRD countries),
EUU,2012,80.1627367180302,,,0,SP.DYN.LE00.IN,"Life expectancy at birth, total (years)",EU,European Union,
FCS,2012,60.1347950170787,,,0,SP.DYN.LE00.IN,"Life expectancy at birth, total (years)",F1,Fragile and conflict affected situations,
HPC,2012,60.0854649142786,,,0,SP.DYN.LE00.IN,"Life expectancy at birth, total (years)",XE,Heavily indebted poor countries (HIPC),
,2012,79.0709601817978,,,0,SP.DYN.LE00.IN,"Life expectancy at birth, total (years)",XD,High income,
IBD,2012,72.1637215504262,,,0,SP.DYN.LE00.IN,"Life expectancy at birth, total (years)",XF,IBRD only,
IBT,2012,69.5733657963701,,,0,SP.DYN.LE00.IN,"Life expectancy at birth, total (years)",ZT,IDA & IBRD total,
IDB,2012,59.7715267275446,,,0,SP.DYN.LE00.IN,"Life expectancy at birth, total (years)",XH,IDA blend,
IDX,2012,62.8097192207937,,,0,SP.DYN.LE00.IN,"Life expectancy at birth, total (years)",XI,IDA only,
IDA,2012,61.7824167764851,,,0,SP.DYN.LE00.IN,"Life expectancy at birth, total (years)",XG,IDA total,
LTE,2012,75.2993669618249,,,0,SP.DYN.LE00.IN,"Life expectancy at birth, total (years)",V3,Late-demographic dividend,
LCN,2012,74.1641690618743,,,0,SP.DYN.LE00.IN,"Life expectancy at birth, total (years)",ZJ,Latin America & Caribbean,
LAC,2012,74.0015925100109,,,0,SP.DYN.LE00.IN,"Life expectancy at birth, total (years)",XJ,Latin America & Caribbean (excluding high income),
TLA,2012,74.0531427389642,,,0,SP.DYN.LE00.IN,"Life expectancy at birth, total (years)",T2,Latin America & the Caribbean (IDA & IBRD countries),
LDC,2012,62.2254392368731,,,0,SP.DYN.LE00.IN,"Life expectancy at birth, total (years)",XL,Least developed countries: UN classification,
LMY,2012,69.4564183765384,,,0,SP.DYN.LE00.IN,"Life expectancy at birth, total (years)",XO,Low & middle income,
,2012,60.6103812978553,,,0,SP.DYN.LE00.IN,"Life expectancy at birth, total (years)",XM,Low income,
,2012,66.3691586598913,,,0,SP.DYN.LE00.IN,"Life expectancy at birth, total (years)",XN,Lower middle income,
MEA,2012,72.3112097030272,,,0,SP.DYN.LE00.IN,"Life expectancy at birth, total (years)",ZQ,Middle East & North Africa,
MNA,2012,71.4530730524563,,,0,SP.DYN.LE00.IN,"Life expectancy at birth, total (years)",XQ,Middle East & North Africa (excluding high income),
TMN,2012,71.4279441317079,,,0,SP.DYN.LE00.IN,"Life expectancy at birth, total (years)",T3,Middle East & North Africa (IDA & IBRD countries),
MIC,2012,70.3804272481495,,,0,SP.DYN.LE00.IN,"Life expectancy at birth, total (years)",XP,Middle income,
NAC,2012,79.0326101441732,,,0,SP.DYN.LE00.IN,"Life expectancy at birth, total (years)",XU,North America,
,2012,,,,0,SP.DYN.LE00.IN,"Life expectancy at birth, total (years)",XY,Not classified,
OED,2012,79.4287219936405,,,0,SP.DYN.LE00.IN,"Life expectancy at birth, total (years)",OE,OECD members,
OSS,2012,71.2804872068947,,,0,SP.DYN.LE00.IN,"Life expectancy at birth, total (years)",S4,Other small states,
PSS,2012,67.6660532253593,,,0,SP.DYN.LE00.IN,"Life expectancy at birth, total (years)",S2,Pacific island small states,
PST,2012,80.0879911464198,,,0,SP.DYN.LE00.IN,"Life expectancy at birth, total (years)",V4,Post-demographic dividend,
PRE,2012,58.0153462397337,,,0,SP.DYN.LE00.IN,"Life expectancy at birth, total (years)",V1,Pre-demographic dividend,
SST,2012,70.7392853887651,,,0,SP.DYN.LE00.IN,"Life expectancy at birth, total (years)",S1,Small states,
SAS,2012,67.7394326836998,,,0,SP.DYN.LE00.IN,"Life expectancy at birth, total (years)",8S,South Asia,
TSA,2012,67.7394326836998,,,0,SP.DYN.LE00.IN,"Life expectancy at birth, total (years)",T5,South Asia (IDA & IBRD),
SSF,2012,58.2281190131813,,,0,SP.DYN.LE00.IN,"Life expectancy at birth, total (years)",ZG,Sub-Saharan Africa,
SSA,2012,58.2266193110338,,,0,SP.DYN.LE00.IN,"Life expectancy at birth, total (years)",ZF,Sub-Saharan Africa (excluding high income),
TSS,2012,58.2281190131813,,,0,SP.DYN.LE00.IN,"Life expectancy at birth, total (years)",T6,Sub-Saharan Africa (IDA & IBRD countries),
,2012,74.4085567690115,,,0,SP.DYN.LE00.IN,"Life expectancy at birth, total (years)",XT,Upper middle income,
WLD,2012,71.2622320826072,,,0,SP.DYN.LE00.IN,"Life expectancy at birth, total (years)",1W,World,
AFG,2012,61.735,,,0,SP.DYN.LE00.IN,"Life expectancy at birth, total (years)",AF,Afghanistan,
ALB,2012,78.084,,,0,SP.DYN.LE00.IN,"Life expectancy at birth, total (years)",AL,Albania,
DZA,2012,74.609,,,0,SP.DYN.LE00.IN,"Life expectancy at birth, total (years)",DZ,Algeria,
ASM,2012,72.709,,,0,SP.DYN.LE00.IN,"Life expectancy at birth, total (years)",AS,American Samoa,
AND,2012,84.334,,,0,SP.DYN.LE00.IN,"Life expectancy at birth, total (years)",AD,Andorra,
AGO,2012,58.916,,,0,SP.DYN.LE00.IN,"Life expectancy at birth, total (years)",AO,Angola,
ATG,2012,77.1,,,0,SP.DYN.LE00.IN,"Life expectancy at birth, total (years)",AG,Antigua and Barbuda,
ARG,2012,75.802,,,0,SP.DYN.LE00.IN,"Life expectancy at birth, total (years)",AR,Argentina,
ARM,2012,74.119512195122,,,0,SP.DYN.LE00.IN,"Life expectancy at birth, total (years)",AM,Armenia,
ABW,2012,74.841,,,0,SP.DYN.LE00.IN,"Life expectancy at birth, total (years)",AW,Aruba,
AUS,2012,82.0463414634146,,,0,SP.DYN.LE00.IN,"Life expectancy at birth, total (years)",AU,Australia,
AUT,2012,80.9365853658537,,,0,SP.DYN.LE00.IN,"Life expectancy at birth, total (years)",AT,Austria,
AZE,2012,71.08,,,0,SP.DYN.LE00.IN,"Life expectancy at birth, total (years)",AZ,Azerbaijan,
BHS,2012,73.707,,,0,SP.DYN.LE00.IN,"Life expectancy at birth, total (years)",BS,"Bahamas, The",
BHR,2012,79.622,,,0,SP.DYN.LE00.IN,"Life expectancy at birth, total (years)",BH,Bahrain,
BGD,2012,68.989,,,0,SP.DYN.LE00.IN,"Life expectancy at birth, total (years)",BD,Bangladesh,
BRB,2012,75.737,,,0,SP.DYN.LE00.IN,"Life expectancy at birth, total (years)",BB,Barbados,
BLR,2012,71.9658536585366,,,0,SP.DYN.LE00.IN,"Life expectancy at birth, total (years)",BY,Belarus,
BEL,2012,80.3853658536585,,,0,SP.DYN.LE00.IN,"Life expectancy at birth, total (years)",BE,Belgium,
BLZ,2012,71.134,,,0,SP.DYN.LE00.IN,"Life expectancy at birth, total (years)",BZ,Belize,
BEN,2012,58.559,,,0,SP.DYN.LE00.IN,"Life expectancy at birth, total (years)",BJ,Benin,
BMU,2012,79.847,,,0,SP.DYN.LE00.IN,"Life expectancy at birth, total (years)",BM,Bermuda,
BTN,2012,69.759,,,0,SP.DYN.LE00.IN,"Life expectancy at birth, total (years)",BT,Bhutan,
BOL,2012,66.586,,,0,SP.DYN.LE00.IN,"Life expectancy at birth, total (years)",BO,Bolivia,
BIH,2012,77.037,,,0,SP.DYN.LE00.IN,"Life expectancy at birth, total (years)",BA,Bosnia and Herzegovina,
BWA,2012,60.384,,,0,SP.DYN.LE00.IN,"Life expectancy at birth, total (years)",BW,Botswana,
BRA,2012,74.335,,,0,SP.DYN.LE00.IN,"Life expectancy at birth, total (years)",BR,Brazil,
VGB,2012,76.433,,,0,SP.DYN.LE00.IN,"Life expectancy at birth, total (years)",VG,British Virgin Islands,
BRN,2012,74.843,,,0,SP.DYN.LE00.IN,"Life expectancy at birth, total (years)",BN,Brunei Darussalam,
BGR,2012,74.3146341463415,,,0,SP.DYN.LE00.IN,"Life expectancy at birth, total (years)",BG,Bulgaria,
BFA,2012,57.457,,,0,SP.DYN.LE00.IN,"Life expectancy at birth, total (years)",BF,Burkina Faso,
BDI,2012,58.501,,,0,SP.DYN.LE00.IN,"Life expectancy at birth, total (years)",BI,Burundi,
CPV,2012,73.315,,,0,SP.DYN.LE00.IN,"Life expectancy at birth, total (years)",CV,Cabo Verde,
KHM,2012,68.371,,,0,SP.DYN.LE00.IN,"Life expectancy at birth, total (years)",KH,Cambodia,
CMR,2012,58.17,,,0,SP.DYN.LE00.IN,"Life expectancy at birth, total (years)",CM,Cameroon,
CAN,2012,81.6636585365854,,,0,SP.DYN.LE00.IN,"Life expectancy at birth, total (years)",CA,Canada,
CYM,2012,77.121,,,0,SP.DYN.LE00.IN,"Life expectancy at birth, total (years)",KY,Cayman Islands,
CAF,2012,51.336,,,0,SP.DYN.LE00.IN,"Life expectancy at birth, total (years)",CF,Central African Republic,
TCD,2012,50.765,,,0,SP.DYN.LE00.IN,"Life expectancy at birth, total (years)",TD,Chad,
CHI,2012,81.3,,,0,SP.DYN.LE00.IN,"Life expectancy at birth, total (years)",JG,Channel Islands,
CHL,2012,79.221,,,0,SP.DYN.LE00.IN,"Life expectancy at birth, total (years)",CL,Chile,
CHN,2012,76.2,,,0,SP.DYN.LE00.IN,"Life expectancy at birth, total (years)",CN,China,
COL,2012,75.611,,,0,SP.DYN.LE00.IN,"Life expectancy at birth, total (years)",CO,Colombia,
COM,2012,63.463,,,0,SP.DYN.LE00.IN,"Life expectancy at birth, total (years)",KM,Comoros,
COD,2012,57.35,,,0,SP.DYN.LE00.IN,"Life expectancy at birth, total (years)",CD,"Congo, Dem. Rep.",
COG,2012,62.662,,,0,SP.DYN.LE00.IN,"Life expectancy at birth, total (years)",CG,"Congo, Rep.",
CRI,2012,79.925,,,0,SP.DYN.LE00.IN,"Life expectancy at birth, total (years)",CR,Costa Rica,
CIV,2012,56.57,,,0,SP.DYN.LE00.IN,"Life expectancy at birth, total (years)",CI,Cote d'Ivoire,
HRV,2012,77.1682926829268,,,0,SP.DYN.LE00.IN,"Life expectancy at birth, total (years)",HR,Croatia,
CUB,2012,78.162,,,0,SP.DYN.LE00.IN,"Life expectancy at birth, total (years)",CU,Cuba,
CUW,2012,75.96,,,0,SP.DYN.LE00.IN,"Life expectancy at birth, total (years)",CW,Curacao,
CYP,2012,81.128,,,0,SP.DYN.LE00.IN,"Life expectancy at birth, total (years)",CY,Cyprus,
CZE,2012,78.0756097560976,,,0,SP.DYN.LE00.IN,"Life expectancy at birth, total (years)",CZ,Czechia,
DNK,2012,80.0512195121951,,,0,SP.DYN.LE00.IN,"Life expectancy at birth, total (years)",DK,Denmark,
DJI,2012,61.719,,,0,SP.DYN.LE00.IN,"Life expectancy at birth, total (years)",DJ,Djibouti,
DMA,2012,71.391,,,0,SP.DYN.LE00.IN,"Life expectancy at birth, total (years)",DM,Dominica,
DOM,2012,72.817,,,0,SP.DYN.LE00.IN,"Life expectancy at birth, total (years)",DO,Dominican Republic,
ECU,2012,75.486,,,0,SP.DYN.LE00.IN,"Life expectancy at birth, total (years)",EC,Ecuador,
EGY,2012,69.464,,,0,SP.DYN.LE00.IN,"Life expectancy at birth, total (years)",EG,"Egypt, Arab Rep.",
SLV,2012,71.42,,,0,SP.DYN.LE00.IN,"Life expectancy at birth, total (years)",SV,El Salvador,
GNQ,2012,59.301,,,0,SP.DYN.LE00.IN,"Life expectancy at birth, total (years)",GQ,Equatorial Guinea,
ERI,2012,64.697,,,0,SP.DYN.LE00.IN,"Life expectancy at birth, total (years)",ER,Eritrea,
EST,2012,76.3268292682927,,,0,SP.DYN.LE00.IN,"Life expectancy at birth, total (years)",EE,Estonia,
SWZ,2012,50.714,,,0,SP.DYN.LE00.IN,"Life expectancy at birth, total (years)",SZ,Eswatini,
ETH,2012,61.443,,,0,SP.DYN.LE00.IN,"Life expectancy at birth, total (years)",ET,Ethiopia,
FRO,2012,81.090243902439,,,0,SP.DYN.LE00.IN,"Life expectancy at birth, total (years)",FO,Faroe Islands,
FJI,2012,65.812,,,0,SP.DYN.LE00.IN,"Life expectancy at birth, total (years)",FJ,Fiji,
FIN,2012,80.6268292682927,,,0,SP.DYN.LE00.IN,"Life expectancy at birth, total (years)",FI,Finland,
FRA,2012,81.9682926829268,,,0,SP.DYN.LE00.IN,"Life expectancy at birth, total (years)",FR,France,
PYF,2012,81.695,,,0,SP.DYN.LE00.IN,"Life expectancy at birth, total (years)",PF,French Polynesia,
GAB,2012,65.438,,,0,SP.DYN.LE00.IN,"Life expectancy at birth, total (years)",GA,Gabon,
GMB,2012,61.9,,,0,SP.DYN.LE00.IN,"Life expectancy at birth, total (years)",GM,"Gambia, The",
GEO,2012,72.672,,,0,SP.DYN.LE00.IN,"Life expectancy at birth, total (years)",GE,Georgia,
DEU,2012,80.5390243902439,,,0,SP.DYN.LE00.IN,"Life expectancy at birth, total (years)",DE,Germany,
GHA,2012,61.995,,,0,SP.DYN.LE00.IN,"Life expectancy at birth, total (years)",GH,Ghana,
GIB,2012,82.527,,,0,SP.DYN.LE00.IN,"Life expectancy at birth, total (years)",GI,Gibraltar,
GRC,2012,80.6341463414634,,,0,SP.DYN.LE00.IN,"Life expectancy at birth, total (years)",GR,Greece,
GRL,2012,70.5463414634146,,,0,SP.DYN.LE00.IN,"Life expectancy at birth, total (years)",GL,Greenland,
GRD,2012,74.961,,,0,SP.DYN.LE00.IN,"Life expectancy at birth, total (years)",GD,Grenada,
GUM,2012,76.237,,,0,SP.DYN.LE00.IN,"Life expectancy at birth, total (years)",GU,Guam,
GTM,2012,70.722,,,0,SP.DYN.LE00.IN,"Life expectancy at birth, total (years)",GT,Guatemala,
GIN,2012,57.117,,,0,SP.DYN.LE00.IN,"Life expectancy at birth, total (years)",GN,Guinea,
GNB,2012,58.27,,,0,SP.DYN.LE00.IN,"Life expectancy at birth, total (years)",GW,Guinea-Bissau,
GUY,2012,66.443,,,0,SP.DYN.LE00.IN,"Life expectancy at birth, total (years)",GY,Guyana,
HTI,2012,62.273,,,0,SP.DYN.LE00.IN,"Life expectancy at birth, total (years)",HT,Haiti,
HND,2012,70.46,,,0,SP.DYN.LE00.IN,"Life expectancy at birth, total (years)",HN,Honduras,
HKG,2012,83.450243902439,,,0,SP.DYN.LE00.IN,"Life expectancy at birth, total (years)",HK,"Hong Kong SAR, China",
HUN,2012,75.0634146341463,,,0,SP.DYN.LE00.IN,"Life expectancy at birth, total (years)",HU,Hungary,
ISL,2012,82.9170731707317,,,0,SP.DYN.LE00.IN,"Life expectancy at birth, total (years)",IS,Iceland,
IND,2012,68.076,,,0,SP.DYN.LE00.IN,"Life expectancy at birth, total (years)",IN,India,
IDN,2012,68.862,,,0,SP.DYN.LE00.IN,"Life expectancy at birth, total (years)",ID,Indonesia,
IRN,2012,75.039,,,0,SP.DYN.LE00.IN,"Life expectancy at birth, total (years)",IR,"Iran, Islamic Rep.",
IRQ,2012,68.827,,,0,SP.DYN.LE00.IN,"Life expectancy at birth, total (years)",IQ,Iraq,
IRL,2012,80.8463414634146,,,0,SP.DYN.LE00.IN,"Life expectancy at birth, total (years)",IE,Ireland,
IMN,2012,80.007,,,0,SP.DYN.LE00.IN,"Life expectancy at birth, total (years)",IM,Isle of Man,
ISR,2012,81.7048780487805,,,0,SP.DYN.LE00.IN,"Life expectancy at birth, total (years)",IL,Israel,
ITA,2012,82.2390243902439,,,0,SP.DYN.LE00.IN,"Life expectancy at birth, total (years)",IT,Italy,
JAM,2012,72.405,,,0,SP.DYN.LE00.IN,"Life expectancy at birth, total (years)",JM,Jamaica,
JPN,2012,83.0960975609756,,,0,SP.DYN.LE00.IN,"Life expectancy at birth, total (years)",JP,Japan,
JOR,2012,74.087,,,0,SP.DYN.LE00.IN,"Life expectancy at birth, total (years)",JO,Jordan,
KAZ,2012,69.939,,,0,SP.DYN.LE00.IN,"Life expectancy at birth, total (years)",KZ,Kazakhstan,
KEN,2012,61.537,,,0,SP.DYN.LE00.IN,"Life expectancy at birth, total (years)",KE,Kenya,
KIR,2012,65.908,,,0,SP.DYN.LE00.IN,"Life expectancy at birth, total (years)",KI,Kiribati,
PRK,2012,71.317,,,0,SP.DYN.LE00.IN,"Life expectancy at birth, total (years)",KP,"Korea, Dem. People's Rep.",
KOR,2012,80.819512195122,,,0,SP.DYN.LE00.IN,"Life expectancy at birth, total (years)",KR,"Korea, Rep.",
XKX,2012,75.75,,,0,SP.DYN.LE00.IN,"Life expectancy at birth, total (years)",XK,Kosovo,
KWT,2012,78.3950243902439,,,0,SP.DYN.LE00.IN,"Life expectancy at birth, total (years)",KW,Kuwait,
KGZ,2012,70.0024390243902,,,0,SP.DYN.LE00.IN,"Life expectancy at birth, total (years)",KG,Kyrgyz Republic,
LAO,2012,65.126,,,0,SP.DYN.LE00.IN,"Life expectancy at birth, total (years)",LA,Lao PDR,
LVA,2012,73.7780487804878,,,0,SP.DYN.LE00.IN,"Life expectancy at birth, total (years)",LV,Latvia,
LBN,2012,77.941,,,0,SP.DYN.LE00.IN,"Life expectancy at birth, total (years)",LB,Lebanon,
LSO,2012,48.235,,,0,SP.DYN.LE00.IN,"Life expectancy at birth, total (years)",LS,Lesotho,
LBR,2012,59.785,,,0,SP.DYN.LE00.IN,"Life expectancy at birth, total (years)",LR,Liberia,
LBY,2012,72.188,,,0,SP.DYN.LE00.IN,"Life expectancy at birth, total (years)",LY,Libya,
LIE,2012,82.3829268292683,,,0,SP.DYN.LE00.IN,"Life expectancy at birth, total (years)",LI,Liechtenstein,
LTU,2012,73.8634146341464,,,0,SP.DYN.LE00.IN,"Life expectancy at birth, total (years)",LT,Lithuania,
LUX,2012,81.3926829268293,,,0,SP.DYN.LE00.IN,"Life expectancy at birth, total (years)",LU,Luxembourg,
MAC,2012,82.4707317073171,,,0,SP.DYN.LE00.IN,"Life expectancy at birth, total (years)",MO,"Macao SAR, China",
MDG,2012,63.007,,,0,SP.DYN.LE00.IN,"Life expectancy at birth, total (years)",MG,Madagascar,
MWI,2012,59.87,,,0,SP.DYN.LE00.IN,"Life expectancy at birth, total (years)",MW,Malawi,
MYS,2012,75.552,,,0,SP.DYN.LE00.IN,"Life expectancy at birth, total (years)",MY,Malaysia,
MDV,2012,77.512,,,0,SP.DYN.LE00.IN,"Life expectancy at birth, total (years)",MV,Maldives,
MLI,2012,56.696,,,0,SP.DYN.LE00.IN,"Life expectancy at birth, total (years)",ML,Mali,
MLT,2012,80.7463414634146,,,0,SP.DYN.LE00.IN,"Life expectancy at birth, total (years)",MT,Malta,
MHL,2012,64.776,,,0,SP.DYN.LE00.IN,"Life expectancy at birth, total (years)",MH,Marshall Islands,
MRT,2012,65.808,,,0,SP.DYN.LE00.IN,"Life expectancy at birth, total (years)",MR,Mauritania,
MUS,2012,73.8634146341464,,,0,SP.DYN.LE00.IN,"Life expectancy at birth, total (years)",MU,Mauritius,
MEX,2012,74.128,,,0,SP.DYN.LE00.IN,"Life expectancy at birth, total (years)",MX,Mexico,
FSM,2012,65.08,,,0,SP.DYN.LE00.IN,"Life expectancy at birth, total (years)",FM,"Micronesia, Fed. Sts.",
MDA,2012,70.344,,,0,SP.DYN.LE00.IN,"Life expectancy at birth, total (years)",MD,Moldova,
MCO,2012,85.045,,,0,SP.DYN.LE00.IN,"Life expectancy at birth, total (years)",MC,Monaco,
MNG,2012,69.500243902439,,,0,SP.DYN.LE00.IN,"Life expectancy at birth, total (years)",MN,Mongolia,
MNE,2012,76.3,,,0,SP.DYN.LE00.IN,"Life expectancy at birth, total (years)",ME,Montenegro,
MAR,2012,71.674,,,0,SP.DYN.LE00.IN,"Life expectancy at birth, total (years)",MA,Morocco,
MOZ,2012,56.46,,,0,SP.DYN.LE00.IN,"Life expectancy at birth, total (years)",MZ,Mozambique,
MMR,2012,64.251,,,0,SP.DYN.LE00.IN,"Life expectancy at birth, total (years)",MM,Myanmar,
NAM,2012,57.733,,,0,SP.DYN.LE00.IN,"Life expectancy at birth, total (years)",NA,Namibia,
NRU,2012,60.533,,,0,SP.DYN.LE00.IN,"Life expectancy at birth, total (years)",NR,Nauru,
NPL,2012,67.364,,,0,SP.DYN.LE00.IN,"Life expectancy at birth, total (years)",NP,Nepal,
NLD,2012,81.1048780487805,,,0,SP.DYN.LE00.IN,"Life expectancy at birth, total (years)",NL,Netherlands,
NCL,2012,76.615,,,0,SP.DYN.LE00.IN,"Life expectancy at birth, total (years)",NC,New Caledonia,
NZL,2012,81.4073170731707,,,0,SP.DYN.LE00.IN,"Life expectancy at birth, total (years)",NZ,New Zealand,
NIC,2012,72.435,,,0,SP.DYN.LE00.IN,"Life expectancy at birth, total (years)",NI,Nicaragua,
NER,2012,57.987,,,0,SP.DYN.LE00.IN,"Life expectancy at birth, total (years)",NE,Niger,
NGA,2012,51.688,,,0,SP.DYN.LE00.IN,"Life expectancy at birth, total (years)",NG,Nigeria,
MKD,2012,74.9024390243903,,,0,SP.DYN.LE00.IN,"Life expectancy at birth, total (years)",MK,North Macedonia,
MNP,2012,77.566,,,0,SP.DYN.LE00.IN,"Life expectancy at birth, total (years)",MP,Northern Mariana Islands,
NOR,2012,81.4512195121951,,,0,SP.DYN.LE00.IN,"Life expectancy at birth, total (years)",NO,Norway,
OMN,2012,78.187,,,0,SP.DYN.LE00.IN,"Life expectancy at birth, total (years)",OM,Oman,
PAK,2012,64.883,,,0,SP.DYN.LE00.IN,"Life expectancy at birth, total (years)",PK,Pakistan,
PLW,2012,68.863,,,0,SP.DYN.LE00.IN,"Life expectancy at birth, total (years)",PW,Palau,
PAN,2012,76.877,,,0,SP.DYN.LE00.IN,"Life expectancy at birth, total (years)",PA,Panama,
PNG,2012,63.639,,,0,SP.DYN.LE00.IN,"Life expectancy at birth, total (years)",PG,Papua New Guinea,
PRY,2012,73.105,,,0,SP.DYN.LE00.IN,"Life expectancy at birth, total (years)",PY,Paraguay,
PER,2012,73.979,,,0,SP.DYN.LE00.IN,"Life expectancy at birth, total (years)",PE,Peru,
PHL,2012,69.237,,,0,SP.DYN.LE00.IN,"Life expectancy at birth, total (years)",PH,Philippines,
POL,2012,76.7463414634146,,,0,SP.DYN.LE00.IN,"Life expectancy at birth, total (years)",PL,Poland,
PRT,2012,80.3731707317073,,,0,SP.DYN.LE00.IN,"Life expectancy at birth, total (years)",PT,Portugal,
PRI,2012,79.258,,,0,SP.DYN.LE00.IN,"Life expectancy at birth, total (years)",PR,Puerto Rico,
QAT,2012,80.499,,,0,SP.DYN.LE00.IN,"Life expectancy at birth, total (years)",QA,Qatar,
ROU,2012,74.4121951219512,,,0,SP.DYN.LE00.IN,"Life expectancy at birth, total (years)",RO,Romania,
RUS,2012,70.0721951219512,,,0,SP.DYN.LE00.IN,"Life expectancy at birth, total (years)",RU,Russian Federation,
RWA,2012,64.189,,,0,SP.DYN.LE00.IN,"Life expectancy at birth, total (years)",RW,Rwanda,
WSM,2012,71.159,,,0,SP.DYN.LE00.IN,"Life expectancy at birth, total (years)",WS,Samoa,
SMR,2012,83.943,,,0,SP.DYN.LE00.IN,"Life expectancy at birth, total (years)",SM,San Marino,
STP,2012,64.505,,,0,SP.DYN.LE00.IN,"Life expectancy at birth, total (years)",ST,Sao Tome and Principe,
SAU,2012,76.09,,,0,SP.DYN.LE00.IN,"Life expectancy at birth, total (years)",SA,Saudi Arabia,
SEN,2012,65.229,,,0,SP.DYN.LE00.IN,"Life expectancy at birth, total (years)",SN,Senegal,
SRB,2012,74.8365853658537,,,0,SP.DYN.LE00.IN,"Life expectancy at birth, total (years)",RS,Serbia,
SYC,2012,74.2756097560976,,,0,SP.DYN.LE00.IN,"Life expectancy at birth, total (years)",SC,Seychelles,
SLE,2012,53.159,,,0,SP.DYN.LE00.IN,"Life expectancy at birth, total (years)",SL,Sierra Leone,
SGP,2012,81.9951219512195,,,0,SP.DYN.LE00.IN,"Life expectancy at birth, total (years)",SG,Singapore,
SXM,2012,75.125,,,0,SP.DYN.LE00.IN,"Life expectancy at birth, total (years)",SX,Sint Maarten (Dutch part),
SVK,2012,76.109756097561,,,0,SP.DYN.LE00.IN,"Life expectancy at birth, total (years)",SK,Slovak Republic,
SVN,2012,80.1243902439024,,,0,SP.DYN.LE00.IN,"Life expectancy at birth, total (years)",SI,Slovenia,
SLB,2012,68.961,,,0,SP.DYN.LE00.IN,"Life expectancy at birth, total (years)",SB,Solomon Islands,
SOM,2012,49.138,,,0,SP.DYN.LE00.IN,"Life expectancy at birth, total (years)",SO,Somalia,
ZAF,2012,61.737,,,0,SP.DYN.LE00.IN,"Life expectancy at birth, total (years)",ZA,South Africa,
SSD,2012,58.241,,,0,SP.DYN.LE00.IN,"Life expectancy at birth, total (years)",SS,South Sudan,
ESP,2012,82.4268292682927,,,0,SP.DYN.LE00.IN,"Life expectancy at birth, total (years)",ES,Spain,
LKA,2012,75.187,,,0,SP.DYN.LE00.IN,"Life expectancy at birth, total (years)",LK,Sri Lanka,
KNA,2012,71.362,,,0,SP.DYN.LE00.IN,"Life expectancy at birth, total (years)",KN,St. Kitts and Nevis,
LCA,2012,72.86,,,0,SP.DYN.LE00.IN,"Life expectancy at birth, total (years)",LC,St. Lucia,
MAF,2012,79.302,,,0,SP.DYN.LE00.IN,"Life expectancy at birth, total (years)",MF,St. Martin (French part),
VCT,2012,70.539,,,0,SP.DYN.LE00.IN,"Life expectancy at birth, total (years)",VC,St. Vincent and the Grenadines,
SDN,2012,63.427,,,0,SP.DYN.LE00.IN,"Life expectancy at birth, total (years)",SD,Sudan,
SUR,2012,69.957,,,0,SP.DYN.LE00.IN,"Life expectancy at birth, total (years)",SR,Suriname,
SWE,2012,81.7048780487805,,,0,SP.DYN.LE00.IN,"Life expectancy at birth, total (years)",SE,Sweden,
CHE,2012,82.6975609756098,,,0,SP.DYN.LE00.IN,"Life expectancy at birth, total (years)",CH,Switzerland,
SYR,2012,66.206,,,0,SP.DYN.LE00.IN,"Life expectancy at birth, total (years)",SY,Syrian Arab Republic,
TJK,2012,69.13,,,0,SP.DYN.LE00.IN,"Life expectancy at birth, total (years)",TJ,Tajikistan,
TZA,2012,62.286,,,0,SP.DYN.LE00.IN,"Life expectancy at birth, total (years)",TZ,Tanzania,
THA,2012,75.59,,,0,SP.DYN.LE00.IN,"Life expectancy at birth, total (years)",TH,Thailand,
TLS,2012,64.384,,,0,SP.DYN.LE00.IN,"Life expectancy at birth, total (years)",TL,Timor-Leste,
TGO,2012,57.94,,,0,SP.DYN.LE00.IN,"Life expectancy at birth, total (years)",TG,Togo,
TON,2012,71.546,,,0,SP.DYN.LE00.IN,"Life expectancy at birth, total (years)",TO,Tonga,
TTO,2012,72.513,,,0,SP.DYN.LE00.IN,"Life expectancy at birth, total (years)",TT,Trinidad and Tobago,
TUN,2012,74.599,,,0,SP.DYN.LE00.IN,"Life expectancy at birth, total (years)",TN,Tunisia,
TUR,2012,75.552,,,0,SP.DYN.LE00.IN,"Life expectancy at birth, total (years)",TR,Turkiye,
TKM,2012,68.961,,,0,SP.DYN.LE00.IN,"Life expectancy at birth, total (years)",TM,Turkmenistan,
TCA,2012,76.969,,,0,SP.DYN.LE00.IN,"Life expectancy at birth, total (years)",TC,Turks and Caicos Islands,
TUV,2012,65.079,,,0,SP.DYN.LE00.IN,"Life expectancy at birth, total (years)",TV,Tuvalu,
UGA,2012,61.579,,,0,SP.DYN.LE00.IN,"Life expectancy at birth, total (years)",UG,Uganda,
UKR,2012,71.09,,,0,SP.DYN.LE00.IN,"Life expectancy at birth, total (years)",UA,Ukraine,
ARE,2012,81.913,,,0,SP.DYN.LE00.IN,"Life expectancy at birth, total (years)",AE,United Arab Emirates,
GBR,2012,80.9048780487805,,,0,SP.DYN.LE00.IN,"Life expectancy at birth, total (years)",GB,United Kingdom,
USA,2012,78.7414634146342,,,0,SP.DYN.LE00.IN,"Life expectancy at birth, total (years)",US,United States,
URY,2012,76.691,,,0,SP.DYN.LE00.IN,"Life expectancy at birth, total (years)",UY,Uruguay,
UZB,2012,70.411,,,0,SP.DYN.LE00.IN,"Life expectancy at birth, total (years)",UZ,Uzbekistan,
VUT,2012,69.898,,,0,SP.DYN.LE00.IN,"Life expectancy at birth, total (years)",VU,Vanuatu,
VEN,2012,73.086,,,0,SP.DYN.LE00.IN,"Life expectancy at birth, total (years)",VE,"Venezuela, RB",
VNM,2012,73.762,,,0,SP.DYN.LE00.IN,"Life expectancy at birth, total (years)",VN,Viet Nam,
VIR,2012,78.5170731707317,,,0,SP.DYN.LE00.IN,"Life expectancy at birth, total (years)",VI,Virgin Islands (U.S.),
PSE,2012,73.722,,,0,SP.DYN.LE00.IN,"Life expectancy at birth, total (years)",PS,West Bank and Gaza,
YEM,2012,67.569,,,0,SP.DYN.LE00.IN,"Life expectancy at birth, total (years)",YE,"Yemen, Rep.",
ZMB,2012,58.704,,,0,SP.DYN.LE00.IN,"Life expectancy at birth, total (years)",ZM,Zambia,
ZWE,2012,55.386,,,0,SP.DYN.LE00.IN,"Life expectancy at birth, total (years)",ZW,Zimbabwe,
